code,system
663d.00,readv2
8H2P.00,readv2
1788.00,readv2
388t000,readv2
66Yp.00,readv2
38DT.00,readv2
1783.00,readv2
38DV.00,readv2
663N000,readv2
66YP.00,readv2
66Yr.00,readv2
679J100,readv2
679J200,readv2
8HTT.00,readv2
9NI8.00,readv2
9N4Q.00,readv2
9OJ..11,readv2
9N1d.00,readv2
8CMA000,readv2
9Q21.00,readv2
14Ok000,readv2
H333.00,readv2
9OJ8.00,readv2
9OJ7.00,readv2
38B8.00,readv2
663V.00,readv2
663V100,readv2
H35y700,readv2
H33zz00,readv2
H33z200,readv2
1O2..00,readv2
173d.00,readv2
663V000,readv2
H33..11,readv2
663h.00,readv2
H334.00,readv2
H33z.00,readv2
13Y4.00,readv2
H33z000,readv2
663j.00,readv2
14B4.00,readv2
66YK.00,readv2
H33..00,readv2
H331.11,readv2
173c.00,readv2
663V200,readv2
H47y000,readv2
8791.00,readv2
H332.00,readv2
370202007,readv2
10692761000119107,readv2
966011000000109,readv2
713711000000105,readv2
340891000000106,readv2
370219009,readv2
185732007,readv2
394700004,readv2
170627008,readv2
185730004,readv2
527191000000104,readv2
31387002,readv2
370206005,readv2
89581000000109,readv2
270442000,readv2
443117005,readv2
170656008,readv2
182729000,readv2
715191006,readv2
394701000,readv2
772051000000106,readv2
715801000000103,readv2
56968009,readv2
708038006,readv2
708094006,readv2
182728008,readv2
201051000000101,readv2
811921000000103,readv2
170647000,readv2
195977004,readv2
370208006,readv2
185728001,readv2
170632009,readv2
771941000000102,readv2
201041000000104,readv2
959401000000101,readv2
185736005,readv2
390921001,readv2
161105008,readv2
195949008,readv2
708373002,readv2
473391009,readv2
389145006,readv2
763695004,readv2
170658009,readv2
373899003,readv2
370220003,readv2
225057002,readv2
892301000000100,readv2
698509001,readv2
201031000000108,readv2
401183006,readv2
415265005,readv2
1086701000000102,readv2
966031000000101,readv2
201201000000105,readv2
407674008,readv2
400987003,readv2
23315001,readv2
170655007,readv2
370225008,readv2
390877003,readv2
401135008,readv2
170635006,readv2
390940007,readv2
185731000,readv2
302331000000106,readv2
771981000000105,readv2
866881000000101,readv2
185242005,readv2
201191000000108,readv2
170637003,readv2
928451000000107,readv2
170633004,readv2
233683003,readv2
92851000000107,readv2
791401000000104,readv2
811151000000105,readv2
1086711000000100,readv2
201211000000107,readv2
185735009,readv2
183099005,readv2
390878008,readv2
959421000000105,readv2
275908000,readv2
717291000000103,readv2
708090002,readv2
182726007,readv2
406162001,readv2
390872009,readv2
754061000000100,readv2
170638008,readv2
527231000000108,readv2
527171000000103,readv2
810901000000102,readv2
185734008,readv2
370204008,readv2
57607007,readv2
340931000000101,readv2
233678006,readv2
41553006,readv2
182724005,readv2
170634005,readv2
161527007,readv2
370205009,readv2
959441000000103,readv2
370207001,readv2
736056000,readv2
708093000,readv2
170636007,readv2
713701000000108,readv2
182730005,readv2
183478001,readv2
424643009,readv2
340901000000107,readv2
401193004,readv2
734904007,readv2
233679003,readv2
905301000103,readv2
448003001,readv2
185940009,readv2
182731009,readv2
763221007,readv2
340911000000109,readv2
370221004,readv2
182727003,readv2
716491000000100,readv2
266361008,readv2
763077003,readv2
312454005,readv2
198971000000102,readv2
370226009,readv2
63088003,readv2
170642006,readv2
527211000000100,readv2
370218001,readv2
170657004,readv2
170631002,readv2
771901000000100,readv2
395022009,readv2
12428000,readv2
708358003,readv2
394720003,readv2
340921000000103,readv2
312453004,readv2
195967001,readv2
772011000000107,readv2
366874008,readv2
401182001,readv2
370203002,readv2
1111,readv2
J45,readv2
J45,readv2
XM28Q8,readv2
CA23,readv2
9OJA.11,readv2
663..11,readv2
9OJ3.00,readv2
9OJA.00,readv2
66YR.00,readv2
9OJZ.00,readv2
66YE.00,readv2
9OJ2.00,readv2
9OJ..00,readv2
9OJ1.00,readv2
663e.00,readv2
663e100,readv2
663e000,readv2
1780.00,readv2
173A.00,readv2
H33zz11,readv2
66YC.00,readv2
H331100,readv2
H331z00,readv2
H331.00,readv2
H331000,readv2
663n.00,readv2
663p.00,readv2
H330.11,readv2
H33zz12,readv2
66Yu.00,readv2
663y.00,readv2
663f.00,readv2
663s.00,readv2
66Ys.00,readv2
663V300,readv2
H33z011,readv2
9OJC.00,readv2
663O000,readv2
663N100,readv2
663O.00,readv2
663N.00,readv2
663N200,readv2
66YQ.00,readv2
9NNX.00,readv2
663P000,readv2
663r.00,readv2
663t.00,readv2
663P200,readv2
66Yq.00,readv2
663v.00,readv2
663P100,readv2
663u.00,readv2
663q.00,readv2
663m.00,readv2
8798.00,readv2
8795.00,readv2
8796.00,readv2
8793.00,readv2
8794.00,readv2
8797.00,readv2
38DL.00,readv2
H330111,readv2
H331111,readv2
H33z111,readv2
H33z100,readv2
H330.12,readv2
38QM.00,readv2
1787.00,readv2
1786.00,readv2
178A.00,readv2
1785.00,readv2
1782.00,readv2
1784.00,readv2
178..00,readv2
679J000,readv2
66Y9.00,readv2
663U.00,readv2
66Yz000,readv2
661M100,readv2
66Y5.00,readv2
8CR0.00,readv2
66YA.00,readv2
661N100,readv2
9OJB100,readv2
9OJB200,readv2
9OJB.00,readv2
9OJB000,readv2
663W.00,readv2
8B3j.00,readv2
H35y600,readv2
9hA2.00,readv2
9hA1.00,readv2
663x.00,readv2
663w.00,readv2
9OJ6.00,readv2
9OJ4.00,readv2
9OJ5.00,readv2
1789.00,readv2
XM97U0,readv2
H3B..00,readv2
H312000,readv2
H335.00,readv2
9hA..00,readv2
H330000,readv2
H330z00,readv2
H330.00,readv2
H330100,readv2
H330.14,readv2
1781.00,readv2
388t.00,readv2
663J.00,readv2
663P.00,readv2
663Q.00,readv2
66Yz500,readv2
66YJ.00,readv2
H330011,readv2
H330.13,readv2
679J.00,readv2
178B.00,readv2
9N1d000,readv2
8CE2.00,readv2
J46,readv2
J46,readv2